object_location,image_small,image_thumb
/objects/IMG_1179.jpg,/objects/small/img_1179_sm.jpg,/objects/thumbs/img_1179_th.jpg
/objects/IMG_1257.jpg,/objects/small/img_1257_sm.jpg,/objects/thumbs/img_1257_th.jpg
/objects/IMG_1275.jpg,/objects/small/img_1275_sm.jpg,/objects/thumbs/img_1275_th.jpg
/objects/IMG_1294.jpg,/objects/small/img_1294_sm.jpg,/objects/thumbs/img_1294_th.jpg
/objects/IMG_1334.jpg,/objects/small/img_1334_sm.jpg,/objects/thumbs/img_1334_th.jpg
/objects/IMG_1831.jpg,/objects/small/img_1831_sm.jpg,/objects/thumbs/img_1831_th.jpg
/objects/IMG_1885.jpg,/objects/small/img_1885_sm.jpg,/objects/thumbs/img_1885_th.jpg
/objects/IMG_20170412_184050.jpg,/objects/small/img_20170412_184050_sm.jpg,/objects/thumbs/img_20170412_184050_th.jpg
/objects/IMG_20170623_194326.jpg,/objects/small/img_20170623_194326_sm.jpg,/objects/thumbs/img_20170623_194326_th.jpg
/objects/IMG_20170819_184550.jpg,/objects/small/img_20170819_184550_sm.jpg,/objects/thumbs/img_20170819_184550_th.jpg
/objects/IMG_20171014_124238.jpg,/objects/small/img_20171014_124238_sm.jpg,/objects/thumbs/img_20171014_124238_th.jpg
/objects/IMG_20171016_222255.jpg,/objects/small/img_20171016_222255_sm.jpg,/objects/thumbs/img_20171016_222255_th.jpg
/objects/IMG_20171112_102511.jpg,/objects/small/img_20171112_102511_sm.jpg,/objects/thumbs/img_20171112_102511_th.jpg
/objects/IMG_20171208_201851.jpg,/objects/small/img_20171208_201851_sm.jpg,/objects/thumbs/img_20171208_201851_th.jpg
/objects/IMG_20171225_084529.jpg,/objects/small/img_20171225_084529_sm.jpg,/objects/thumbs/img_20171225_084529_th.jpg
/objects/IMG_20180108_141034.jpg,/objects/small/img_20180108_141034_sm.jpg,/objects/thumbs/img_20180108_141034_th.jpg
/objects/IMG_20180117_190704.jpg,/objects/small/img_20180117_190704_sm.jpg,/objects/thumbs/img_20180117_190704_th.jpg
/objects/IMG_20180120_115223.jpg,/objects/small/img_20180120_115223_sm.jpg,/objects/thumbs/img_20180120_115223_th.jpg
/objects/IMG_20180128_092623.jpg,/objects/small/img_20180128_092623_sm.jpg,/objects/thumbs/img_20180128_092623_th.jpg
/objects/IMG_20181230_115926.jpg,/objects/small/img_20181230_115926_sm.jpg,/objects/thumbs/img_20181230_115926_th.jpg
/objects/IMG_3131.jpg,/objects/small/img_3131_sm.jpg,/objects/thumbs/img_3131_th.jpg
/objects/IMG_3349.jpg,/objects/small/img_3349_sm.jpg,/objects/thumbs/img_3349_th.jpg
